"[u'http://news.hexun.com/2015-02-01/172955828.html', u'http://news.hexun.com/2015-02-01/172956246.html']","一号文件强调科学普及转基因图解：提5个重大"
"[u'http://news.hexun.com/2015/msyhmxf/']","媒体：中国金融反腐序幕拉开 压轴大戏将登场 "
"[u'http://bank.hexun.com/2015-02-01/172954976.html']","消息称民生银行开交流会 安邦等大股东不减持"
"[u'http://house.hexun.com/2015-01-31/172947512.html']","方正政泉恶斗升级 郭文贵1天套现盘古大观85亿"
"[u'http://news.hexun.com/2015-02-01/172953065.html']","官方首次明确第二艘航母消息 或已施工(图)"
"[u'http://news.hexun.com/2014/yidaiyilu/']","张高丽领衔一带一路建设领导小组亮相(图) "
"[u'http://news.hexun.com/2015-02-01/172953068.html']","2015年全国两会将于3月3日和3月5日在京召开"
"[u'http://news.hexun.com/2015-02-01/172952945.html']","最高法第一巡回法庭启动案件受理 含粤桂琼3省"
"[u'http://news.hexun.com/2015-02-01/172951826.html', u'http://news.hexun.com/2015-02-01/172952764_1.html']","日记者疑遭ISIS斩首 凶手称日本噩梦开始组图"
"[u'http://news.hexun.com/2015-02-01/172952930.html']","北京去年查大案要案717起 43名外逃官员被处理"
"[u'http://news.hexun.com/2015-02-01/172955532.html']","弟子透露赵本山近况：瘦了几斤 每天吃小白菜"
"[u'http://news.hexun.com/2015-02-01/172953101.html']","湖北遭遇入冬以来最大暴雪天气 逾30万人受灾"
"[u'http://stock.hexun.com/2015-02-01/172954193.html', u'http://stock.hexun.com/2015-02-01/172954238.html']","一号文件成农业催化剂安信力荐农资服务5金股"
"[u'http://stock.hexun.com/2015-02-01/172955073.html']","官方首次明确第二艘航母消息 4概念股爆发在即"
"[u'http://stock.hexun.com/2015-02-01/172954226.html']","地方两会隐藏投资机会 四大主题有望迎风起舞"
"[u'http://stock.hexun.com/2015-02-01/172954169.html', u'http://stock.hexun.com/2015-02-01/172955864.html']","文国庆:三变量定牛市命运李迅雷:A股仍将走牛"
"[u'http://chat.hexun.com/', u'http://chat.hexun.com/24/default.html']","管理层为何连续出生监管组合仓位跑赢大盘"
"[u'http://tg.hexun.com/', u'http://chat.hexun.com/377/default.html', u'http://tg.hexun.com/sp2/IAArticle.aspx?articleid=2799&teacherid=25147845']","盘中牛股无风险平衡策略是关键"
"[u'http://wizard.stock.hexun.com/adstat/startNew.aspx?p=19&t=1&i=515', u'http://zhibiao.hexun.com/aplan/index?planid=323', u'http://c.hexun.com/', u'http://wizard.stock.hexun.com/adstat/startNew.aspx?p=1&t=1&i=698']","A计划一切尽在和讯新飞狐"
"[u'http://stock.hexun.com/2015-02-01/172955639.html']","多家上市公司实京能集团原董事长陆海军遭调查"
"[u'http://315.stock.hexun.com/', u'http://stock.hexun.com/2015-01-30/172924316.html']","全聚德尾盘1分钟涨停 网友质疑股价操纵回应"
"[u'http://stock.hexun.com/2015-01-31/172936628.html']","朗玛信息8000万原始股将解禁 实控人身家70亿"
"[u'http://stock.hexun.com/2015-01-30/172930633.html']","海润光伏高送转被疑助力套现 上交所发函问询"
"[u'http://stock.hexun.com/2015-01-31/172939916.html']","中科云网面临“戴帽”股价跌停 游资紧急跑路"
"[u'http://stock.hexun.com/2015-02-01/172954262.html']","亨通光电高溢价收购 暗渡陈仓背后问题多多"
"[u'http://stock.hexun.com/2015-02-01/172955766.html']","汇源通信重组方案出炉 峰业科环作价30亿借壳"
"[u'http://stock.hexun.com/ipoobserver/index.html', u'http://stock.hexun.com/2014/ipo495/index.html']","众兴菌业产能过剩 盈利目标难实现 "
"[u'http://yanbao.stock.hexun.com/', u'http://yanbao.stock.hexun.com/dzgg575782.shtml']","东方网力：视频互联网龙头 增持评级"
"[u'http://funds.hexun.com/2015-01-31/172933429.html']","基金业协会对14家机构采取自律管理措施"
"[u'http://funds.hexun.com/2015-01-31/172932823.html']","11家基金公司涉“老鼠仓”被采取监管措施"
"[u'http://funds.hexun.com/2015-01-31/172938235.html']","行情渐起 公募明星基金经理“牛市奔私”"
"[u'http://funds.hexun.com/2015-01-31/172931649.html', u'javascript:void(0)']","监管层开基金罚单 6涉“鼠”公募停发新产品"
"[u'http://funds.hexun.com/2015-01-31/172933455.html']","动真格 5家私募投资基金管理人被注销登记 "
"[u'http://funds.hexun.com/2015-01-31/172938234.html']","蓝筹行情雄起 多只基金逆市加仓创业板"
"[u'http://funds.hexun.com/2015-01-31/172938285.html']","新三板迅速扩容 公募、私募基金打响卡位战"
"[u'http://funds.hexun.com/2015/cxzt01zqjjpd/', u'http://jq.qq.com/?_wv=1027&k=TVupFh', u'javascript:void(0)']","2014年债券基金年终盘点"
"[u'http://funds.hexun.com/smjj/', u'http://funds.hexun.com/2015-01-31/172933410.html', u'javascript:void(0)']","新年私募调研忙 泽熙年后调研8公司"
"[u'http://opinion.hexun.com/2015-02-01/172951979.html']","“人民币贬值”不是狼来了 且还有积极意义"
"[u'http://opinion.hexun.com/2015-02-01/172951895.html']","小米家装O2O：雷军舞剑 意在房地产"
"[u'http://opinion.hexun.com/2015-02-01/172952519.html']","安倍为丰田代言：为何以首相之力做推销"
"[u'http://opinion.hexun.com/2015-02-01/172949093.html']","阿里京东仍需壮大 还无需担心“寡头”问题"
"[u'http://opinion.hexun.com/2015-02-01/172951971.html']","达沃斯论坛在互动博弈中低估了谁的想法"
"[u'http://opinion.hexun.com/2015-02-01/172949091.html']","高中生跪拜孔子真的是“油然而生”吗"
"[u'http://opinion.hexun.com/2015-02-01/172949094.html']","罕见病患者上学的权利不能被随意剥夺"
"[u'http://opinion.hexun.com/2015-02-01/172949092.html']","阜阳“天价”公共自行车到底多少钱一辆"
"[u'http://futures.hexun.com/2015-01-31/172933582.html']","上期所4个品种夜盘交易首月成交额超万亿元"
"[u'http://futures.hexun.com/2015-01-29/172884837.html']","中期协公布《互联网开户规则》 网上开户渐近"
"[u'http://futures.hexun.com/2015-01-31/172933574.html']","期货“僵尸品种”扩至7个 分析师转型“谋生”"
"[u'http://futures.hexun.com/2015-01-30/172929845.html']","大宗商品市场预期多样 高盛：取消做空铜建议"
"[u'http://futures.hexun.com/2015-01-30/172930753.html']","煤改“假整合”触雷 同煤受损3.8亿成冤大头"
"[u'http://futures.hexun.com/2015-01-31/172933572.html']","人民币汇率宽幅波动 融资性大豆面临违约风险"
"[u'http://qizhi.hexun.com/', u'http://qizhi.hexun.com/2015-01-31/172932764.html']","观望情绪挥之不去期指短线或继续调整"
"[u'http://xianhuo.hexun.com/', u'http://xianhuo.hexun.com/2015-02-01/172956028.html']","河北现53.9亿特大非法集资案 3万人报案"
"[u'http://futures.hexun.com/globalfutures/', u'http://futures.hexun.com/2015-01-29/172887009.html']","全球货币战蔓延 美联储以静制动"
"[u'http://18302210.blog.hexun.com/98117365_h.html']","经济学家是怎样慢慢占据社会话语权的"
"[u'http://21650093.blog.hexun.com/98117678_d.html']","安倍经济学的新一轮承诺是否值得信赖"
"[u'http://21650093.blog.hexun.com/98117563_d.html']","俄罗斯货币政策大逆转都是听普京的？"
"[u'http://21650093.blog.hexun.com/98117715_d.html']","中国经济发展与股市表现为何相背离"
"[u'http://18302210.blog.hexun.com/98117276_d.html']","工商局与阿里“和解”迎来政企新气象"
"[u'http://18302210.blog.hexun.com/98117415_h.html']","米歇尔-奥巴马访沙特不戴头巾被过分解读"
"[u'http://t.hexun.com/21650093/43428000_d.html']","墨西哥高铁为什么会出现第二次“爽约”？"
"[u'http://t.hexun.com/21650093/43428067_d.html']","“南海一号”海量宋瓷打算运往何方？"
"[u'http://insurance.hexun.com/2015-02-01/172948940.html']","宣布MH370“失事”表明法律理赔程序启动"
"[u'http://insurance.hexun.com/2015-02-01/172951568.html']","五部门推信用保证保险 为小额贷款提资信担保"
"[u'http://insurance.hexun.com/2015-01-30/172929987.html']","弃妇变宠妃 刘益谦杀回国华人寿遭质疑"
"[u'http://insurance.hexun.com/2015-01-31/172938556.html', u'http://insurance.hexun.com/2015-01-30/172894795.html']","监管整治银保渠道违规行为 代理机构管控不严"
"[u'http://insurance.hexun.com/2015-01-30/172929850.html']","利润翻番考出历史最好成绩 保险业新纪元"
"[u'http://insurance.hexun.com/2015-01-31/172932814.html']","王忠民：全国社保基金去年投资收益率11．43%"
"[u'http://www.fangxinbao.com/baoxian/zhongjixian', u'http://www.fangxinbao.com/baoxian/yiwaixian/299.html']","|百元交通保险卡 含200万全年航空保障"
"[u'http://www.fangxinbao.com/news/list-1/169880853.html', u'http://www.fangxinbao.com/news/list-1/169880853.html']","| 微站：一分钟免费定制 保险移动工作室"
"[u'http://guba.hexun.com/d/19864282,guba.html', u'http://guba.hexun.com/d/19864243,guba.html']","三大利空导致A股回落周线9连阳终结预示调整"
"[u'http://guba.hexun.com/d/19864283,guba.html', u'http://guba.hexun.com/d/19864332,guba.html']","KDJ死叉提示有中级调整股指击穿均线继续寻底"
"[u'http://guba.hexun.com/d/19864245,guba.html', u'http://guba.hexun.com/d/19864248,guba.html']","基金高仓健发出何种信号大盘下一波目标6000"
"[u'http://guba.hexun.com/d/19864249,guba.html', u'http://guba.hexun.com/d/19864275,guba.html']","个股普跌现绝佳买点逐步关注关注金融股机会"
"[u'http://bbs.hexun.com/post_500_7720908_1_d.html', u'http://bbs.hexun.com/stock/post_5_7720881_1_d.html']","下周大盘先抑后扬主力连跌洗盘暴露三大诡计"
"[u'http://bbs.hexun.com/stock/post_5_7720928_1_d.html', u'http://bbs.hexun.com/post_538_7720674_1_d.html']","一组图看清权重股大秘密再现小反弹就要减仓"
"[u'http://bbs.hexun.com/stock/post_5_7720839_1_d.html', u'http://bbs.hexun.com/stock/post_5_7721014_1_d.html']","下周大盘震荡将会加剧当心偷鸡不成蚀把米"
"[u'http://bbs.hexun.com/profession/', u'http://bbs.hexun.com/stock/post_5_7721129_1_d.html']","监管层整顿两融但无法阻止A股牛市"
"[u'http://bank.hexun.com/2015-02-01/172948917.html']","攀枝花商业银行退回14.9万元工人工资"
"[u'http://bank.hexun.com/2015-02-01/172948626.html']","民生银行回应“行长毛晓峰被查”传闻"
"[u'http://bank.hexun.com/2015-01-31/172931673.html']","阿里网商银行预计5月份开张 将不设线下网点"
"[u'http://bank.hexun.com/2015-01-31/172931671.html']","微众银行盈利模式：依托同业撮合产生中间收入"
"[u'http://bank.hexun.com/2015-01-31/172932804.html']","银行结束高盈利时代 各类隐性风险逐步显性化"
"[u'http://bank.hexun.com/2015-01-30/172897501.html']","多家银行下调跨行自动还款额 调整额度各不同"
"[u'http://bank.hexun.com/2015-01-29/172883589.html']","温州储户银行卡被盗刷 法院调解银行先赔七成"
"[u'http://iof.hexun.com/', u'http://iof.hexun.com/2015-01-30/172929851.html']","政府正名众筹蛮拼：推广费一月千万"
"[u'http://p2p.hexun.com/', u'http://p2p.hexun.com/2015-01-31/172933517.html']","P2P平台遭年关劫 1月超60家出问题"
"[u'http://tech.hexun.com/2015-01-31/172940821.html']","人人网下线站内信功能"
"[u'http://tech.hexun.com/2015-01-31/172940815.html']","苹果股价创新高 达120美元"
"[u'http://tech.hexun.com/2015-01-31/172940741.html']","传美国在线将裁员约150人"
"[u'http://tech.hexun.com/2015-01-31/172940860.html']","工商总局局长与马云会见 或握手言和"
"[u'http://tech.hexun.com/2015-01-31/172940834.html']","阿里旗下蚂蚁金服拟明年上市 估值超500亿美元 "
"[u'http://tech.hexun.com/2015-01-31/172940747.html']","窝窝团更新招股书：将融资额提高至6500万美元 "
"[u'http://tech.hexun.com/2015-01-31/172940881.html']","Windows Server 10正式版将于2016年发布"
"[u'http://tech.hexun.com/pic/', u'http://tech.hexun.com/pic/']","不只是全息眼镜HoloLens 微软黑科技盘点"
"[u'http://data.digi.hexun.com/products/index.php', u'http://data.digi.hexun.com/products/product_search.php?subcatid=57', u'http://data.digi.hexun.com/products/1.html', u'http://data.digi.hexun.com/products/3.html', u'http://data.digi.hexun.com/products/5.html']","智能手机PC整机DIY配件办公外设"
"[u'http://gold.hexun.com/2015-02-01/172948613.html']","俄罗斯去年黄金购买创最高以摆脱美元依赖"
"[u'http://gold.hexun.com/2015-01-31/172941469.html']","希腊：拒绝与三架马车合作 不寻求扩大援助"
"[u'http://gold.hexun.com/2015-01-31/172942010.html']","金价上演“神逆转” 多杀空后守住“生死线”"
"[u'http://gold.hexun.com/2015-01-30/172898540.html']","尽管金价回落但市场仍看多 黄金本质是货币"
"[u'http://gold.hexun.com/2015-01-30/172896543.html']","现货金暴跌逾30美元 黄金T+D周五夜盘大跌"
"[u'http://gold.hexun.com/silver/', u'http://gold.hexun.com/2015-01-31/172941840.html']","白银褪去避险光环 继续保持震荡思路"
"[u'http://gold.hexun.com/bullion/index.html', u'http://gold.hexun.com/2015-02-01/172951795.html']","安徽去年生产黄金21.5吨 铜陵占八成"
"[u'http://gold.hexun.com/research/', u'http://gold.hexun.com/2015-01-31/172935140.html']","金油暴跌 个人优先抄底黄金"
"[u'http://bbs.hexun.com/money/board_75_all_1_d.html', u'http://bbs.hexun.com/money/post_75_7644220_1_d.html']","现学现用 四招教你迅速拜托套单烦恼"
"[u'http://auto.hexun.com/2015-01-31/172932216.html']","一汽挪用公款建131栋别墅"
"[u'http://auto.hexun.com/2015-01-31/172930931.html']","宝马新能源战略在华落地"
"[u'http://auto.hexun.com/2015-01-31/172931670.html']","汽车业新常态：个位数增长"
"[u'http://auto.hexun.com/2015-01-30/172891090.html']","奥迪在华领跑豪车市场 多车企看重经销商盈利"
"[u'http://auto.hexun.com/2015-01-31/172931711.html']","充电桩的“成长烦恼”：标准化工作是长期任务"
"[u'http://auto.hexun.com/2015-01-31/172932722.html']","奇瑞瑞虎3 2.0L车型谍照曝光 或年内上市"
"[u'http://auto.hexun.com/2015-01-31/172933687.html']","雷克萨斯LF-LC GT Vision概念车谍照曝光"
"[u'http://auto.hexun.com/2011/pic/', u'http://auto.hexun.com/2015-01-30/172909059.html']","宝马女疑酒驾 穿高跟鞋踹交警下体"
"[u'http://data.auto.hexun.com/sign/', u'http://data.auto.hexun.com/price/#18\u4e07-25\u4e07', u'http://data.auto.hexun.com/price/#25\u4e07-40\u4e07', u'http://data.auto.hexun.com/type/#SUV', u'http://data.auto.hexun.com/compare/102214/']","18-25万25-40万SUV车型对比"
"[u'http://forex.hexun.com/2015-01-31/172936177.html']","布拉德：年中加息才是合理预期"
"[u'http://forex.hexun.com/2015-01-31/172932718.html']","美GDP增速减半欧元反弹得救 瑞银建议区间操作思路"
"[u'http://forex.hexun.com/2015-01-31/172933811.html']","英镑兑美元自一周低位回升 油价反弹支撑英镑"
"[u'http://forex.hexun.com/2015-01-31/172936486.html']","美银美林：美元兑日元维持看多 多头趋势完好"
"[u'http://forex.hexun.com/2015-01-31/172931171.html']","英镑兑美元下跌　市场预期英国推迟加息"
"[u'http://forex.hexun.com/broker/', u'http://forex.hexun.com/2015-01-30/172904842.html']","摩根大通在瑞郎事件中获利2.5亿美元"
"[u'http://forex.hexun.com/rmbhl/', u'http://forex.hexun.com/2015-01-31/172933459.html']","人民币贬值对资本市场是把“双刃剑”"
"[u'http://forex.hexun.com/2014/huiwenlu/', u'http://forex.hexun.com/2015-01-30/172903456.html']","和讯观察：货币政策调整冲击全球汇市"
"[u'http://forex.hexun.com/forex300s/index.html', u'http://tv.hexun.com/2015-01-30/172918573.html']","就业数据持续转好避险降温打压黄金"
"[u'http://house.hexun.com/2015-01-31/172940954.html']","揭秘情人节10大浪漫旅游地"
"[u'http://house.hexun.com/2015-01-31/172941552.html']","买了毁一生的14种凶煞房"
"[u'http://house.hexun.com/2015-01-31/172942115.html']","买房不看风水必后悔 风水师曝客厅装修20大禁忌"
"[u'http://house.hexun.com/2015-01-31/172941855.html']","80后夫妻秀甜蜜婚房 67平小户型装出百平效果 "
"[u'http://house.hexun.com/2015/jiazhaoye/']","融创停牌昭示大动作 佳兆业或迎来收购前夜"
"[u'http://house.hexun.com/2015/wank201501/']","从纯住宅到败走产业园 万科商业单飞模式待考"
"[u'http://house.hexun.com/zhiye/', u'http://house.hexun.com/2015-01-30/172888885.html']","中科院预计2015一线城市房价涨6.5%"
"[u'http://bond.hexun.com/2015-01-30/172927886.html']","货币政策中性适度 债券市场双向振荡"
"[u'http://bond.hexun.com/2015-01-30/172927997.html']","久期与利差乘积：信用债量化分析新视角"
"[u'http://bond.hexun.com/2015-01-31/172931713.html']","确定地方政府债务限额 须考虑多方面因素"
"[u'http://bond.hexun.com/2015-01-31/172930923.html']","东飞债违约牵出担保罗生门 完善监管势在必行"
"[u'http://bond.hexun.com/2015-01-29/172886341.html']","华谊嘉信拟发不超5亿元公司债 期限不超过5年"
"[u'http://pe.hexun.com/', u'http://pe.hexun.com/2015-01-31/172938781.html']","融资吹牛大战：融资金额后面都加个0 "
"[u'http://stock.hexun.com/2015-01-31/172938722.html']","零七股份斥资4600万设立风投基金 加码云计算"
"[u'http://pe.hexun.com/2015-01-31/172938730.html']","医药电商“壹药网”宣布完成4.5亿元C轮融资"
"[u'http://pe.hexun.com/2015-01-31/172938758.html', u'javascript:void(0)']","谁会成为中国的高盛：券商并购只是聚变开始"
"[u'http://house.hexun.com/2015-01-30/172890477.html']","住宅过剩成日本政府烦心事"
"[u'http://house.hexun.com/2014/american2014/']","度假美国休斯顿 别墅18万起"
"[u'http://house.hexun.com/2013/zyspain/']","西班牙50万欧元买房送居留"
"[u'http://house.hexun.com/2015-01-30/172891487.html']","仲量联行：2014年中国海外房地产投资增长46%"
"[u'http://house.hexun.com/2015-01-22/172627987.html']","担保人能够为你的澳洲房产投资带来什么便利"
"[u'http://house.hexun.com/2013/tokyo2013/']","置业东京：政府给予贷款购房者30万元补贴"
"[u'http://house.hexun.com/2013/france2013/']","法国出买房新政策：33万欧准入 签署包租协议"
"[u'http://house.hexun.com/list1/', u'http://house.hexun.com/2013/zynanfei/']","置业南非：每亩地不到3万元"
"[u'http://money.hexun.com/2015-02-01/172952364.html']","厦门土豪公司发年终奖 竟然动用运钞车载"
"[u'http://money.hexun.com/2015-01-31/172939928_1.html']","互联网时代6大方法避免你的个人信息被盗"
"[u'http://money.hexun.com/2015-01-31/172940514_1.html']","通货紧缩危机 中国房子已到套现最后时机 "
"[u'http://money.hexun.com/2015-01-31/172940559_1.html']","蓝领中产阶级 中国人很快会挤破头争做农民 "
"[u'http://money.hexun.com/2015-01-31/172940602_1.html']","出不了国的中国人怎样应对即将到来的资产泡沫"
"[u'http://money.hexun.com/2015-01-31/172939364.html']","缴了这么多年养老保险 退休后一个月能拿多少钱"
"[u'http://money.hexun.com/2015-01-31/172939445.html']","监管趋严致A股持续回调 接下来你的钱该投向哪"
"[u'http://lcal.money.hexun.com/', u'http://money.hexun.com/2015-01-31/172939545.html']","|年入20万 85后家庭如何实现在京购房"
"[u'http://trust.hexun.com/', u'http://trust.hexun.com/2015-01-31/172932778.html']","|信托规模近14万亿 人均利润首度负增长"
"[u'http://hexun.gq.com.cn/celebrity/album_17443860df72cc5c.html?utm_source=hexun.com&utm_medium=syn_OG&utm_content=home_lux&utm_campaign=regular']","娱乐圈同性恋大揭秘！"
"[u'http://hexun.gq.com.cn/celebrity/album_1644d01604c36c95.html?utm_source=hexun.com&utm_medium=syn_OG&utm_content=home_lux&utm_campaign=regular']","陈赫分手信被批很幼稚"
"[u'http://hexun.gq.com.cn/topic/album_1312307d50bc3357.html?utm_source=hexun.com&utm_medium=syn_OG&utm_content=home_lux&utm_campaign=regular']","何炅众筹处女座主角名"
"[u'http://hexun.gq.com.cn/fashion/trends/pic_1442cb7ae642bdd3.html?utm_source=hexun.com&utm_medium=syn_OG&utm_content=home_lux&utm_campaign=regular', u'http://hexun.gq.com.cn/fashion/item/album_1724685c7dacc6da.html?utm_source=hexun.com&utm_medium=syn_OG&utm_content=home_lux&utm_campaign=regular']","贝克汉姆演绎男装型录史上绅士特工单品收录 "
"[u'http://hexun.gq.com.cn/celebrity/album_15433031c8e24af6.html?utm_source=hexun.com&utm_medium=syn_OG&utm_content=home_lux&utm_campaign=regular', u'http://hexun.gq.com.cn/digital/news_102gf5c49da79a38.html?utm_source=hexun.com&utm_medium=syn_OG&utm_content=home_lux&utm_campaign=regular']","何家驹离世发哥叹可惜有违乔布斯意愿的改进"
"[u'http://hexun.cntraveler.com.cn/article/pic_19359bf0c3bda0af.shtml?utm_source=hexun.com&utm_medium=syn_OG&utm_content=home_lux&utm_campaign=regular', u'http://hexun.cntraveler.com.cn/news/tip/pic_131230784e7085a2.shtml?utm_source=hexun.com&utm_medium=syn_OG&utm_content=home_lux&utm_campaign=regular']","IT男变身旅行摄影师明星们在机场这样耍酷"
"[u'http://hexun.self.com.cn/beauty/hairstyle/news_1211d34376602582.html?utm_source=hexun.com&utm_medium=syn_OG&utm_content=home_lux&utm_campaign=regular', u'http://hexun.self.com.cn/fashion/items/news_18256267fa90fa88.html?utm_source=hexun.com&utm_medium=syn_OG&utm_content=home_lux&utm_campaign=regular']","如何赶走头发静电牛仔裤巧穿塑造翘臀"
"[u'http://hexun.self.com.cn/life/balance/news_1955659f973b1d8f.html?utm_source=hexun.com&utm_medium=syn_OG&utm_content=home_lux&utm_campaign=regular', u'http://hexun.self.com.cn/life/balance/news_154329f324a6c967.html?utm_source=hexun.com&utm_medium=syn_OG&utm_content=home_lux&utm_campaign=regular']","本月星座运势变数大女同事笑容背后的深意"
"[u'http://9.self.com.cn/topic/1037161?utm_source=hexun.com&utm_medium=syn_OG&utm_content=home_lux&utm_campaign=regular', u'http://hexun.self.com.cn/life/hedonic/pic_114g3d8f5eac6a08.html?utm_source=hexun.com&utm_medium=syn_OG&utm_content=home_lux&utm_campaign=regular']","攻破成功女性的掌控欲 让人舔屏的美食网站"
"[u'http://book.hexun.com/2015-01-31/172941249.html']","美军让人喷饭的十大笑话"
"[u'http://book.hexun.com/2015-01-31/172941262.html']","日本天皇凭何说服国民投降"
"[u'http://book.hexun.com/2015-01-31/172941391.html']","冷战时中情局训练动物间谍"
"[u'http://book.hexun.com/2015-01-31/172941286.html']","张勋复辟时康有为欲当宰相：因无胡子被拒 "
"[u'http://book.hexun.com/2015-01-31/172941350.html']","康生延安整风标准：长这么漂亮定是特务"
"[u'http://data.book.hexun.com/book-19289.shtml', u'http://data.book.hexun.com/book-19288.shtml', u'http://data.book.hexun.com/book-19287.shtml']","第四消费时代中日百年较量的背后八卦艺术史"
"[u'http://data.book.hexun.com/book-19274.shtml', u'http://data.book.hexun.com/book-19291.shtml', u'http://data.book.hexun.com/book-19245.shtml']","笑傲股市江湖的独门秘籍老梁数英雄王者无畏"
"[u'http://data.book.hexun.com/categorys.aspx', u'http://data.book.hexun.com/category-1.shtml', u'http://data.book.hexun.com/category-10.shtml', u'http://data.book.hexun.com/category-3.shtml', u'http://data.book.hexun.com/category-2.shtml', u'http://data.book.hexun.com/category-30.shtml', u'http://data.book.hexun.com/category-11.shtml', u'http://data.book.hexun.com/category-33.shtml']","财经小说历史社科传记文学科技"
"[u'http://book.hexun.com/2013/caijingshuhua/index.html', u'http://book.hexun.com/2015/caijingshuhua020/index.html']","郝一生：中日百年较量背后资本逻辑"
"[u'http://bschool.hexun.com/2015-01-31/172941600.html']","大众点评要在高速换胎后跑2015"
"[u'http://bschool.hexun.com/2015-01-31/172941547.html']","初创公司如何捍卫商标权"
"[u'http://bschool.hexun.com/2015-01-31/172941535.html']","春节假期移动广告怎么玩儿"
"[u'http://bschool.hexun.com/2015-01-31/172941507.html']","互联网：传统KTV别端着了 让我们一起唱嗨"
"[u'http://bschool.hexun.com/2015-01-31/172941608.html']","传统监管在互联网时代正面临着前所未有的挑战 "
"[u'http://bschool.hexun.com/2015-01-31/172941639.html']","这30家国际移动健康医疗创业公司很值得期待 "
"[u'http://data.book.hexun.com/book-19310.shtml', u'http://data.book.hexun.com/book-19312.shtml']","小说：我传万科逻辑：从100亿到2000亿的秘密"
"[u'http://data.book.hexun.com/book-19311.shtml']","破译黑天鹅：如何应对未来15年的商业巨变"
"[u'http://tv.hexun.com/2011/course/', u'http://tv.hexun.com/2011/course/', u'http://tv.hexun.com/struggle/']","圣母大学：你为什么而奋斗"
"[u'http://shoucang.hexun.com/2015-01-31/172942075.html']","酸枝：红木收藏的新焦点"
"[u'http://shoucang.hexun.com/2015-01-31/172942056.html']","图坦卡门面具修复人员调离"
"[u'http://travel.hexun.com/2015-01-31/172941964.html']","化身杨子荣去雪乡大闹威虎山 "
"[u'http://travel.hexun.com/2015-01-31/172941888.html']","《何以笙箫默》里那些情调满满的小资餐厅"
"[u'http://travel.hexun.com/2015-01-31/172942018.html']","雪色浪漫 来京城七大绝美赏雪地共谱冬日恋歌"
"[u'http://shoucang.hexun.com/2015-01-31/172942078.html']","画坛大师有小清新：700件水彩呈现百年历程"
"[u'http://book.hexun.com/', u'http://book.hexun.com/2015-01-30/172906996.html', u'http://book.hexun.com/2015-01-30/172906870.html']","从未见过的毛泽东孟良崮战役全景呈现"
"[u'http://book.hexun.com/pic/', u'http://book.hexun.com/2015-01-30/172912088.html', u'http://book.hexun.com/2015-01-30/172912169.html']","日本早期清纯派女神哈哈镜前搞笑的女神"
"[u'http://book.hexun.com/pic/', u'http://book.hexun.com/2015-01-30/172912038.html']","揭秘宋美龄婚前的求职生涯 曾任英语老师"
"[u'http://fujian.hexun.com/', u'http://fujian.hexun.com/2015-01-30/172903534.html']","抓住机遇 按下深化改革“快进键”"
"[u'http://henan.hexun.com/', u'http://henan.hexun.com/2015-01-30/172910197.html']","公积金租房条件放宽 郑州目前不执行"
"[u'http://sichuan.hexun.com/', u'http://sichuan.hexun.com/2015-01-30/172892847.html']","如何看待2015年四川经济预期增长7.5%？"
"[u'http://hunan.hexun.com/', u'http://hunan.hexun.com/2015-01-30/172904915.html']","湖南投千亿造百城千镇县乡流通再造工程"
"[u'http://jiangsu.hexun.com/', u'http://jiangsu.hexun.com/2015/cjfybjsll/']","中国财经风云榜江苏获奖企业/人物榜单"
"[u'http://hubei.hexun.com/', u'http://house.hexun.com/2015-01-30/172890405.html']","湖北今年二季度启动不动产登记"
"[u'http://suzhou.house.hexun.com/', u'http://suzhou.house.hexun.com/2015-01-14/172363678.html']","园区新走向的代表：东方之门"
"[u'http://suzhou.house.hexun.com/', u'http://suzhou.house.hexun.com/2015-01-23/172682660.html']","Morden Fashion SIP文化风尚之城"
"[u'http://sc.house.hexun.com/', u'http://sc.house.hexun.com/2015-01-30/172903618.html']","支持住房消费 四川将取消各类行政限制"
"[u'http://sc.house.hexun.com/', u'http://sc.house.hexun.com/2015-01-30/172903539.html']","节前购房需求释放 新房成交量上涨13%"
"[u'http://media.hexun.com/zgjjb/index.html', u'http://news.hexun.com/2015-01-30/172930517.html']","陈凌：家族可成为企业核心竞争力"
"[u'http://media.hexun.com/jjgcb/index.html', u'http://news.hexun.com/2015-01-31/172930782.html']","底线不变农地改革继续"增减挂钩""
"[u'http://media.hexun.com/', u'http://insurance.hexun.com/2015-01-30/172929987.html']","弃妇变宠妃刘益谦回国华人寿遭质疑"
"[u'http://media.hexun.com/hxsb/index.html', u'http://news.hexun.com/2015-01-30/172929749.html']","加工企业亏损重亿吨玉米库存堰塞湖"
"[u'http://media.hexun.com/zqrb/index.html', u'http://stock.hexun.com/2015-01-31/172933411.html']","新股放行加快 24家企业昨获IPO批文"
"[u'http://media.hexun.com/shzqb/index.html', u'http://forex.hexun.com/2015-01-31/172932961.html']","人民币对美元汇率中间价继续下跌"
"[u'http://media.hexun.com/zgzqb/index.html', u'http://stock.hexun.com/2015-01-31/172933097.html']","根本逻辑未变 震荡不改“牛心”"
"[u'http://media.hexun.com/dycjrb/index.html', u'http://news.hexun.com/2015-01-30/172890453.html']","高尔夫球会员卡是下一个泡沫？"
"[u'http://media.hexun.com/mrjjxw/index.html', u'http://house.hexun.com/2015-01-30/172888059.html']","回购商品房充当保障房看着很美"
"[u'http://media.hexun.com/21sjbd/index.html', u'http://news.hexun.com/2015-01-31/172931720.html']","杭州与中国硅谷的距离在细节"
"[u'http://iof.hexun.com/2014/cjfyb/']","第12届中国风云榜互联网金融分论坛"
"[u'http://stock.hexun.com/2014/zqfyb2014/']","第12届中国风云榜证券分论坛"
"[u'http://insurance.hexun.com/2015/bxflt/']","第12届中国风云榜保险分论坛"
"[u'http://bank.hexun.com/2014/fybyh/index.html']","第12届中国风云榜银行分论坛"
"[u'http://news.hexun.com/2014/2014cjfyb/ ']","第12届中国财经风云榜暨财经中国2014年会"
"[u'http://news.hexun.com/2014-09-08/168271394.html']","和讯网陈剑峰：金钥匙俱乐部理念为投缘、投智、投资"
"[u'http://cpb.hexun.com/article/detail_26.html']","“和讯操盘宝”与中国电信翼支付战略合作发布会"
"[u'http://news.hexun.com/2014-08-06/167295529.html']","和讯网首页“变脸” 小清新背后的大用意"
"[u'http://tech.hexun.com/2014-08-01/167192412.html']","国内移动互联网营销展露头角 和讯财经APP争先"
"[u'http://news.hexun.com/2014-05-06/164533167.html']","垂直门户换玩法:和讯网弃海量推精品"
"[u'http://finance.sina.com.cn/china/jrxw/20150201/050021446422.shtml']","人民币全球支付市场地位从第八跃居第五"
"[u'http://finance.sina.com.cn/china/jrxw/20150131/032621443235.shtml']","央行年末密集放水 8期SLO释放8550亿流动性"
"[u'http://finance.sina.com.cn/china/jrxw/20150130/135321438339.shtml']","网贷评级被指太水 专家称改善需监管促进"
"[u'http://finance.sina.com.cn/china/jrxw/20150130/112421437463.shtml']","民生证券：人民币贬值背后其实只是美元太强"
"[u'http://finance.sina.com.cn/china/jrxw/20150130/053921434202.shtml']","央行本周释放550亿元流动性 或继续定向宽松"
"[u'http://finance.sina.com.cn/china/jrxw/20150130/010521432043.shtml']","央行进入逆回购时段 本周流动性净投放550亿"
"[u'http://finance.sina.com.cn/china/jrxw/20150130/005921431379.shtml']","各地频现存款失踪索赔几无可能 银行归咎于个人"
"[u'http://finance.sina.com.cn/china/jrxw/20150130/005921431272.shtml']","农村金改主力军划定四大银行 涉农业务定位明确"
"[u'http://finance.sina.com.cn/china/jrxw/20150129/115321427331.shtml']","野村：央行在一二月降息降准概率较大"
"[u'http://finance.sina.com.cn/china/jrxw/20150129/092921426050.shtml']","29日人民币对美元中间价贬值53个基点"
"[u'http://finance.sina.com.cn/china/jrxw/20150129/045921423749.shtml']","热钱流出已超9千亿 央行节前会否出其不意降准"
"[u'http://finance.sina.com.cn/china/jrxw/20150129/025121423362.shtml']","人民币波动区间有望扩大 今年走势或先弱后强"
"[u'http://finance.sina.com.cn/china/jrxw/20150129/023921423063.shtml']","人民币汇率三天两度逼近跌停 全年走势或走出N形"
"[u'http://finance.sina.com.cn/china/jrxw/20150129/005521421571.shtml']","人民币再次逼近跌停 央妈底线:放手并非不干预"
"[u'http://finance.sina.com.cn/china/jrxw/20150128/221321421302.shtml']","人民币暴跌背后：央行不能容忍持续贬值"
"[u'http://finance.sina.com.cn/china/jrxw/20150128/124021418071.shtml']","央行：中国面临新的洗钱挑战 加强高风险领域监管"
"[u'http://finance.sina.com.cn/china/jrxw/20150128/102921417023.shtml']","28日人民币中间价涨82基点 创一个半月最大单日升值"
"[u'http://finance.sina.com.cn/china/jrxw/20150128/022721413512.shtml']","央行两周投放逾4000亿 精心呵护春节前资金面"
"[u'http://finance.sina.com.cn/china/jrxw/20150128/011121412296.shtml']","2015人民币汇改四大猜想 波幅区间是否暂不扩大"
"[u'http://finance.sina.com.cn/china/jrxw/20150127/105821407617.shtml']","香港金融从业员23万 对香港GDP贡献16%"
"[u'http://finance.sina.com.cn/china/jrxw/20150127/091021406426.shtml']","人民币即期汇率创近8个月新低 美元走强是主因"
"[u'http://finance.sina.com.cn/china/jrxw/20150127/090921406344.shtml']","民生宏观：PSL出台可能性加大 今年将扩散至国有银行"
"[u'http://finance.sina.com.cn/china/jrxw/20150127/043121403674.shtml']","谁制造了人民币500基点大跌：渡边太太身影显现"
"[u'http://finance.sina.com.cn/china/jrxw/20150127/030321403429.shtml']","人民币即期汇率一度逼近8个月新低"
"[u'http://finance.sina.com.cn/china/jrxw/20150127/023921403297.shtml']","人民币汇率暴跌逼近跌停 留美一年多花8000元"
"[u'http://finance.sina.com.cn/china/jrxw/20150127/015421402778.shtml']","人民币兑美元即期汇率连创新低 浮动幅度扩大近在眼前"
"[u'http://finance.sina.com.cn/china/jrxw/20150127/013021402520.shtml']","人民币对美元盘中近跌停 央行“心中有数”"
"[u'http://finance.sina.com.cn/china/jrxw/20150127/011621401951.shtml']","人民币贬值压力考验央行 专家:贬值时机尚不成熟"
"[u'http://finance.sina.com.cn/china/jrxw/20150127/005921401537.shtml']","全国首套房贷利率连续7个月下降 放款速度加快"
"[u'http://finance.sina.com.cn/china/jrxw/20150126/011921393340.shtml']","存款保险制度为储户全额赔付"
"[u'http://finance.sina.com.cn/china/jrxw/20150126/010121392969.shtml']","把钱搬去香港存吧：3月定存利率超3%"
"[u'http://finance.sina.com.cn/china/jrxw/20150126/005921392701.shtml']","PPP模式伪项目登堂入室 实则让政府背上高息债务"
"[u'http://finance.sina.com.cn/china/jrxw/20150126/005921392678.shtml']","25%银行类网站存高危风险 网络理财平台成重灾区"
"[u'http://finance.sina.com.cn/china/jrxw/20150126/005621392726.shtml']","储户存款失踪谁负责：专家称若是内鬼须银行担责"
"[u'http://finance.sina.com.cn/china/jrxw/20150125/063521390925.shtml']","存款保险方案已获通过 99.6%存款人可享全额保护"
"[u'http://finance.sina.com.cn/china/jrxw/20150125/061921390921.shtml']","调查称近5成个贷额度流入楼市 错配现象严重"
"[u'http://finance.sina.com.cn/china/jrxw/20150123/184721384847.shtml']","我国车险费率改革将在黑龙江等地启动试点"
"[u'http://finance.sina.com.cn/china/jrxw/20150123/160921383623.shtml']","央行：存款保险制度或很快实施 起步阶段费率单一"
"[u'http://finance.sina.com.cn/china/jrxw/20150123/155421383569.shtml']","央行：尽快完善互联网金融监管政策框架"
"[u'http://finance.sina.com.cn/china/jrxw/20150123/153621383365.shtml']","银监会回应个别储户存款蒸发：正调查具体原因"
"[u'http://finance.sina.com.cn/china/jrxw/20150201/050021446422.shtml']","人民币全球支付市场地位从第八跃居第五"
"[u'http://finance.sina.com.cn/china/jrxw/20150131/032621443235.shtml']","央行年末密集放水 8期SLO释放8550亿流动性"
"[u'http://finance.sina.com.cn/china/jrxw/20150130/135321438339.shtml']","网贷评级被指太水 专家称改善需监管促进"
"[u'http://finance.sina.com.cn/china/jrxw/20150130/112421437463.shtml']","民生证券：人民币贬值背后其实只是美元太强"
"[u'http://finance.sina.com.cn/china/jrxw/20150130/053921434202.shtml']","央行本周释放550亿元流动性 或继续定向宽松"
"[u'http://finance.sina.com.cn/china/jrxw/20150130/010521432043.shtml']","央行进入逆回购时段 本周流动性净投放550亿"
"[u'http://finance.sina.com.cn/china/jrxw/20150130/005921431379.shtml']","各地频现存款失踪索赔几无可能 银行归咎于个人"
"[u'http://finance.sina.com.cn/china/jrxw/20150130/005921431272.shtml']","农村金改主力军划定四大银行 涉农业务定位明确"
"[u'http://finance.sina.com.cn/china/jrxw/20150129/115321427331.shtml']","野村：央行在一二月降息降准概率较大"
"[u'http://finance.sina.com.cn/china/jrxw/20150129/092921426050.shtml']","29日人民币对美元中间价贬值53个基点"
"[u'http://finance.sina.com.cn/china/jrxw/20150129/045921423749.shtml']","热钱流出已超9千亿 央行节前会否出其不意降准"
"[u'http://finance.sina.com.cn/china/jrxw/20150129/025121423362.shtml']","人民币波动区间有望扩大 今年走势或先弱后强"
"[u'http://finance.sina.com.cn/china/jrxw/20150129/023921423063.shtml']","人民币汇率三天两度逼近跌停 全年走势或走出N形"
"[u'http://finance.sina.com.cn/china/jrxw/20150129/005521421571.shtml']","人民币再次逼近跌停 央妈底线:放手并非不干预"
"[u'http://finance.sina.com.cn/china/jrxw/20150128/221321421302.shtml']","人民币暴跌背后：央行不能容忍持续贬值"
"[u'http://finance.sina.com.cn/china/jrxw/20150128/124021418071.shtml']","央行：中国面临新的洗钱挑战 加强高风险领域监管"
"[u'http://finance.sina.com.cn/china/jrxw/20150128/102921417023.shtml']","28日人民币中间价涨82基点 创一个半月最大单日升值"
"[u'http://finance.sina.com.cn/china/jrxw/20150128/022721413512.shtml']","央行两周投放逾4000亿 精心呵护春节前资金面"
"[u'http://finance.sina.com.cn/china/jrxw/20150128/011121412296.shtml']","2015人民币汇改四大猜想 波幅区间是否暂不扩大"
"[u'http://finance.sina.com.cn/china/jrxw/20150127/105821407617.shtml']","香港金融从业员23万 对香港GDP贡献16%"
"[u'http://finance.sina.com.cn/china/jrxw/20150127/091021406426.shtml']","人民币即期汇率创近8个月新低 美元走强是主因"
"[u'http://finance.sina.com.cn/china/jrxw/20150127/090921406344.shtml']","民生宏观：PSL出台可能性加大 今年将扩散至国有银行"
"[u'http://finance.sina.com.cn/china/jrxw/20150127/043121403674.shtml']","谁制造了人民币500基点大跌：渡边太太身影显现"
"[u'http://finance.sina.com.cn/china/jrxw/20150127/030321403429.shtml']","人民币即期汇率一度逼近8个月新低"
"[u'http://finance.sina.com.cn/china/jrxw/20150127/023921403297.shtml']","人民币汇率暴跌逼近跌停 留美一年多花8000元"
"[u'http://finance.sina.com.cn/china/jrxw/20150127/015421402778.shtml']","人民币兑美元即期汇率连创新低 浮动幅度扩大近在眼前"
"[u'http://finance.sina.com.cn/china/jrxw/20150127/013021402520.shtml']","人民币对美元盘中近跌停 央行“心中有数”"
"[u'http://finance.sina.com.cn/china/jrxw/20150127/011621401951.shtml']","人民币贬值压力考验央行 专家:贬值时机尚不成熟"
"[u'http://finance.sina.com.cn/china/jrxw/20150127/005921401537.shtml']","全国首套房贷利率连续7个月下降 放款速度加快"
"[u'http://finance.sina.com.cn/china/jrxw/20150126/011921393340.shtml']","存款保险制度为储户全额赔付"
"[u'http://finance.sina.com.cn/china/jrxw/20150126/010121392969.shtml']","把钱搬去香港存吧：3月定存利率超3%"
"[u'http://finance.sina.com.cn/china/jrxw/20150126/005921392701.shtml']","PPP模式伪项目登堂入室 实则让政府背上高息债务"
"[u'http://finance.sina.com.cn/china/jrxw/20150126/005921392678.shtml']","25%银行类网站存高危风险 网络理财平台成重灾区"
"[u'http://finance.sina.com.cn/china/jrxw/20150126/005621392726.shtml']","储户存款失踪谁负责：专家称若是内鬼须银行担责"
"[u'http://finance.sina.com.cn/china/jrxw/20150125/063521390925.shtml']","存款保险方案已获通过 99.6%存款人可享全额保护"
"[u'http://finance.sina.com.cn/china/jrxw/20150125/061921390921.shtml']","调查称近5成个贷额度流入楼市 错配现象严重"
"[u'http://finance.sina.com.cn/china/jrxw/20150123/184721384847.shtml']","我国车险费率改革将在黑龙江等地启动试点"
"[u'http://finance.sina.com.cn/china/jrxw/20150123/160921383623.shtml']","央行：存款保险制度或很快实施 起步阶段费率单一"
"[u'http://finance.sina.com.cn/china/jrxw/20150123/155421383569.shtml']","央行：尽快完善互联网金融监管政策框架"
"[u'http://finance.sina.com.cn/china/jrxw/20150123/153621383365.shtml']","银监会回应个别储户存款蒸发：正调查具体原因"
